id,penduduk_id,jenis_surat,nomor_surat,tanggal_cetak,keterangan,admin_id,data_penduduk_snapshot
surat-1,penduduk-2,SURAT KETERANGAN USAHA,SK/0001/2024,2024-06-22,Surat SURAT KETERANGAN USAHA untuk Kartika Rahayu,,
surat-2,penduduk-45,SURAT KETERANGAN DOMISILI,SK/0002/2024,2024-07-29,Surat SURAT KETERANGAN DOMISILI untuk Lukman Setiawan,,
surat-3,penduduk-53,SURAT KETERANGAN TIDAK MAMPU,SK/0003/2023,2023-08-15,Surat SURAT KETERANGAN TIDAK MAMPU untuk Gunawan Wulandari,,
surat-4,penduduk-57,SURAT KETERANGAN USAHA,SK/0004/2023,2023-04-14,Surat SURAT KETERANGAN USAHA untuk Sari Saputra,,
surat-5,penduduk-59,SURAT KETERANGAN TIDAK MAMPU,SK/0005/2023,2023-09-21,Surat SURAT KETERANGAN TIDAK MAMPU untuk Maya Sari,,
surat-6,penduduk-60,SURAT KETERANGAN DOMISILI,SK/0006/2023,2023-01-31,Surat SURAT KETERANGAN DOMISILI untuk Lukman Saputra,,
surat-7,penduduk-102,SURAT KETERANGAN DOMISILI,SK/0007/2024,2024-12-29,Surat SURAT KETERANGAN DOMISILI untuk Maya Lestari,,
surat-8,penduduk-114,SURAT PENGANTAR KTP,SK/0008/2024,2024-09-19,Surat SURAT PENGANTAR KTP untuk Tono Santoso,,
surat-9,penduduk-122,SURAT KETERANGAN USAHA,SK/0009/2024,2024-07-18,Surat SURAT KETERANGAN USAHA untuk Maya Wijaya,,
surat-10,penduduk-133,SURAT KETERANGAN USAHA,SK/0010/2023,2023-06-06,Surat SURAT KETERANGAN USAHA untuk Omar Lestari,,
surat-11,penduduk-134,SURAT KETERANGAN TIDAK MAMPU,SK/0011/2024,2024-10-22,Surat SURAT KETERANGAN TIDAK MAMPU untuk Siti Prasetyo,,
surat-12,penduduk-145,SURAT KETERANGAN KELAKUAN BAIK,SK/0012/2023,2023-07-04,Surat SURAT KETERANGAN KELAKUAN BAIK untuk Indra Rahayu,,
surat-13,penduduk-168,SURAT KETERANGAN KELAKUAN BAIK,SK/0013/2024,2024-07-29,Surat SURAT KETERANGAN KELAKUAN BAIK untuk Budi Sari,,
surat-14,penduduk-172,SURAT KETERANGAN DOMISILI,SK/0014/2023,2023-12-26,Surat SURAT KETERANGAN DOMISILI untuk Eko Sari,,
surat-15,penduduk-195,SURAT KETERANGAN TIDAK MAMPU,SK/0015/2023,2023-08-20,Surat SURAT KETERANGAN TIDAK MAMPU untuk Hani Wibowo,,
surat-16,penduduk-201,SURAT KETERANGAN USAHA,SK/0016/2024,2024-02-24,Surat SURAT KETERANGAN USAHA untuk Joko Santoso,,
surat-17,penduduk-221,SURAT KETERANGAN USAHA,SK/0017/2024,2024-04-03,Surat SURAT KETERANGAN USAHA untuk Hani Sari,,
surat-18,penduduk-238,SURAT KETERANGAN USAHA,SK/0018/2024,2024-04-25,Surat SURAT KETERANGAN USAHA untuk Maya Sari,,
surat-19,penduduk-278,SURAT KETERANGAN DOMISILI,SK/0019/2024,2024-08-18,Surat SURAT KETERANGAN DOMISILI untuk Siti Sari,,
surat-20,penduduk-292,SURAT KETERANGAN KELAKUAN BAIK,SK/0020/2023,2023-07-01,Surat SURAT KETERANGAN KELAKUAN BAIK untuk Eko Wulandari,,
surat-21,penduduk-295,SURAT KETERANGAN TIDAK MAMPU,SK/0021/2023,2023-11-28,Surat SURAT KETERANGAN TIDAK MAMPU untuk Sari Prasetyo,,
surat-22,penduduk-326,SURAT KETERANGAN TIDAK MAMPU,SK/0022/2023,2023-07-30,Surat SURAT KETERANGAN TIDAK MAMPU untuk Joko Sari,,
surat-23,penduduk-342,SURAT KETERANGAN DOMISILI,SK/0023/2024,2024-07-05,Surat SURAT KETERANGAN DOMISILI untuk Gunawan Santoso,,
surat-24,penduduk-354,SURAT KETERANGAN KELAKUAN BAIK,SK/0024/2024,2024-04-06,Surat SURAT KETERANGAN KELAKUAN BAIK untuk Hani Wijaya,,
surat-25,penduduk-357,SURAT PENGANTAR KTP,SK/0025/2024,2024-09-03,Surat SURAT PENGANTAR KTP untuk Rudi Sari,,
surat-26,penduduk-358,SURAT KETERANGAN KELAKUAN BAIK,SK/0026/2023,2023-05-22,Surat SURAT KETERANGAN KELAKUAN BAIK untuk Indra Sari,,
surat-27,penduduk-363,SURAT KETERANGAN DOMISILI,SK/0027/2023,2023-05-26,Surat SURAT KETERANGAN DOMISILI untuk Indra Saputra,,
surat-28,penduduk-365,SURAT KETERANGAN DOMISILI,SK/0028/2023,2023-10-11,Surat SURAT KETERANGAN DOMISILI untuk Siti Wijaya,,
surat-29,penduduk-372,SURAT KETERANGAN DOMISILI,SK/0029/2024,2024-07-07,Surat SURAT KETERANGAN DOMISILI untuk Sari Santoso,,
surat-30,penduduk-404,SURAT KETERANGAN USAHA,SK/0030/2024,2024-02-03,Surat SURAT KETERANGAN USAHA untuk Nur Sari,,
surat-31,penduduk-414,SURAT KETERANGAN DOMISILI,SK/0031/2023,2023-08-21,Surat SURAT KETERANGAN DOMISILI untuk Tono Purnomo,,
surat-32,penduduk-431,SURAT KETERANGAN DOMISILI,SK/0032/2024,2024-07-07,Surat SURAT KETERANGAN DOMISILI untuk Joko Sari,,
surat-33,penduduk-441,SURAT PENGANTAR KTP,SK/0033/2023,2023-05-16,Surat SURAT PENGANTAR KTP untuk Budi Hidayati,,
surat-34,penduduk-442,SURAT KETERANGAN TIDAK MAMPU,SK/0034/2023,2023-04-13,Surat SURAT KETERANGAN TIDAK MAMPU untuk Lukman Sari,,
surat-35,penduduk-443,SURAT KETERANGAN KELAKUAN BAIK,SK/0035/2024,2024-06-17,Surat SURAT KETERANGAN KELAKUAN BAIK untuk Joko Santoso,,
surat-36,penduduk-444,SURAT KETERANGAN DOMISILI,SK/0036/2023,2023-03-21,Surat SURAT KETERANGAN DOMISILI untuk Hani Hidayat,,
surat-37,penduduk-446,SURAT KETERANGAN KELAKUAN BAIK,SK/0037/2024,2024-12-15,Surat SURAT KETERANGAN KELAKUAN BAIK untuk Omar Santoso,,
surat-38,penduduk-450,SURAT KETERANGAN TIDAK MAMPU,SK/0038/2023,2023-01-14,Surat SURAT KETERANGAN TIDAK MAMPU untuk Lukman Sari,,
surat-39,penduduk-458,SURAT KETERANGAN TIDAK MAMPU,SK/0039/2023,2023-12-08,Surat SURAT KETERANGAN TIDAK MAMPU untuk Lukman Kurniawan,,
surat-40,penduduk-465,SURAT PENGANTAR KTP,SK/0040/2023,2023-03-08,Surat SURAT PENGANTAR KTP untuk Ahmad Hidayati,,
surat-41,penduduk-466,SURAT KETERANGAN DOMISILI,SK/0041/2023,2023-06-12,Surat SURAT KETERANGAN DOMISILI untuk Tono Sari,,
surat-42,penduduk-479,SURAT PENGANTAR KTP,SK/0042/2024,2024-10-11,Surat SURAT PENGANTAR KTP untuk Fitri Sari,,
surat-43,penduduk-480,SURAT KETERANGAN KELAKUAN BAIK,SK/0043/2023,2023-03-17,Surat SURAT KETERANGAN KELAKUAN BAIK untuk Dewi Saputra,,
surat-44,penduduk-511,SURAT KETERANGAN TIDAK MAMPU,SK/0044/2024,2024-06-25,Surat SURAT KETERANGAN TIDAK MAMPU untuk Maya Sari,,
surat-45,penduduk-552,SURAT PENGANTAR KTP,SK/0045/2023,2023-02-17,Surat SURAT PENGANTAR KTP untuk Kartika Sari,,
surat-46,penduduk-568,SURAT PENGANTAR KTP,SK/0046/2023,2023-07-10,Surat SURAT PENGANTAR KTP untuk Hani Saputra,,
surat-47,penduduk-570,SURAT KETERANGAN DOMISILI,SK/0047/2024,2024-01-20,Surat SURAT KETERANGAN DOMISILI untuk Gunawan Rahayu,,
surat-48,penduduk-579,SURAT KETERANGAN TIDAK MAMPU,SK/0048/2023,2023-10-31,Surat SURAT KETERANGAN TIDAK MAMPU untuk Nur Hidayat,,
surat-49,penduduk-580,SURAT KETERANGAN USAHA,SK/0049/2023,2023-07-06,Surat SURAT KETERANGAN USAHA untuk Joko Wibowo,,
surat-50,penduduk-585,SURAT PENGANTAR KTP,SK/0050/2023,2023-10-16,Surat SURAT PENGANTAR KTP untuk Nur Sari,,
surat-51,penduduk-598,SURAT KETERANGAN TIDAK MAMPU,SK/0051/2023,2023-11-12,Surat SURAT KETERANGAN TIDAK MAMPU untuk Lukman Lestari,,
surat-52,penduduk-601,SURAT KETERANGAN USAHA,SK/0052/2023,2023-05-14,Surat SURAT KETERANGAN USAHA untuk Eko Purnomo,,
surat-53,penduduk-610,SURAT PENGANTAR KTP,SK/0053/2024,2024-11-27,Surat SURAT PENGANTAR KTP untuk Fitri Setiawan,,
surat-54,penduduk-611,SURAT PENGANTAR KTP,SK/0054/2024,2024-05-20,Surat SURAT PENGANTAR KTP untuk Hani Setiawan,,
surat-55,penduduk-612,SURAT KETERANGAN DOMISILI,SK/0055/2024,2024-05-06,Surat SURAT KETERANGAN DOMISILI untuk Lukman Wijaya,,
surat-56,penduduk-624,SURAT KETERANGAN DOMISILI,SK/0056/2024,2024-04-24,Surat SURAT KETERANGAN DOMISILI untuk Putri Saputra,,
surat-57,penduduk-648,SURAT KETERANGAN TIDAK MAMPU,SK/0057/2023,2023-01-14,Surat SURAT KETERANGAN TIDAK MAMPU untuk Lukman Hidayat,,
surat-58,penduduk-649,SURAT PENGANTAR KTP,SK/0058/2024,2024-03-27,Surat SURAT PENGANTAR KTP untuk Rudi Sari,,
surat-59,penduduk-654,SURAT KETERANGAN DOMISILI,SK/0059/2024,2024-05-03,Surat SURAT KETERANGAN DOMISILI untuk Umi Indrawati,,
surat-60,penduduk-673,SURAT KETERANGAN TIDAK MAMPU,SK/0060/2024,2024-10-15,Surat SURAT KETERANGAN TIDAK MAMPU untuk Siti Prasetyo,,
surat-61,penduduk-680,SURAT PENGANTAR KTP,SK/0061/2023,2023-02-14,Surat SURAT PENGANTAR KTP untuk Tono Wulandari,,
surat-62,penduduk-681,SURAT KETERANGAN TIDAK MAMPU,SK/0062/2024,2024-11-07,Surat SURAT KETERANGAN TIDAK MAMPU untuk Maya Indrawati,,
surat-63,penduduk-693,SURAT KETERANGAN TIDAK MAMPU,SK/0063/2023,2023-06-09,Surat SURAT KETERANGAN TIDAK MAMPU untuk Gunawan Sari,,
surat-64,penduduk-694,SURAT PENGANTAR KTP,SK/0064/2023,2023-12-26,Surat SURAT PENGANTAR KTP untuk Fitri Rahayu,,
surat-65,penduduk-700,SURAT KETERANGAN DOMISILI,SK/0065/2024,2024-03-12,Surat SURAT KETERANGAN DOMISILI untuk Lukman Wibowo,,
surat-66,penduduk-704,SURAT KETERANGAN KELAKUAN BAIK,SK/0066/2024,2024-01-16,Surat SURAT KETERANGAN KELAKUAN BAIK untuk Tono Prasetyo,,
surat-67,penduduk-727,SURAT KETERANGAN TIDAK MAMPU,SK/0067/2023,2023-05-11,Surat SURAT KETERANGAN TIDAK MAMPU untuk Joko Wijaya,,
surat-68,penduduk-736,SURAT KETERANGAN DOMISILI,SK/0068/2023,2023-02-02,Surat SURAT KETERANGAN DOMISILI untuk Putri Santoso,,
surat-69,penduduk-741,SURAT KETERANGAN DOMISILI,SK/0069/2024,2024-09-03,Surat SURAT KETERANGAN DOMISILI untuk Rudi Saputra,,
surat-70,penduduk-744,SURAT KETERANGAN USAHA,SK/0070/2024,2024-09-24,Surat SURAT KETERANGAN USAHA untuk Tono Wulandari,,
surat-71,penduduk-747,SURAT KETERANGAN KELAKUAN BAIK,SK/0071/2024,2024-03-09,Surat SURAT KETERANGAN KELAKUAN BAIK untuk Rudi Hidayati,,
surat-72,penduduk-761,SURAT KETERANGAN DOMISILI,SK/0072/2024,2024-07-13,Surat SURAT KETERANGAN DOMISILI untuk Dewi Santoso,,
surat-73,penduduk-775,SURAT KETERANGAN TIDAK MAMPU,SK/0073/2023,2023-04-08,Surat SURAT KETERANGAN TIDAK MAMPU untuk Ahmad Indrawati,,
surat-74,penduduk-776,SURAT KETERANGAN KELAKUAN BAIK,SK/0074/2024,2024-06-26,Surat SURAT KETERANGAN KELAKUAN BAIK untuk Siti Setiawan,,
surat-75,penduduk-788,SURAT PENGANTAR KTP,SK/0075/2023,2023-08-21,Surat SURAT PENGANTAR KTP untuk Eko Prasetyo,,
surat-76,penduduk-808,SURAT KETERANGAN USAHA,SK/0076/2024,2024-10-22,Surat SURAT KETERANGAN USAHA untuk Sari Sari,,
surat-77,penduduk-836,SURAT PENGANTAR KTP,SK/0077/2023,2023-12-19,Surat SURAT PENGANTAR KTP untuk Gunawan Hidayat,,
surat-78,penduduk-843,SURAT KETERANGAN DOMISILI,SK/0078/2024,2024-12-05,Surat SURAT KETERANGAN DOMISILI untuk Sari Lestari,,
surat-79,penduduk-874,SURAT KETERANGAN KELAKUAN BAIK,SK/0079/2023,2023-09-21,Surat SURAT KETERANGAN KELAKUAN BAIK untuk Lukman Rahayu,,
surat-80,penduduk-880,SURAT KETERANGAN DOMISILI,SK/0080/2024,2024-09-27,Surat SURAT KETERANGAN DOMISILI untuk Fitri Sari,,
surat-81,penduduk-888,SURAT KETERANGAN DOMISILI,SK/0081/2024,2024-02-08,Surat SURAT KETERANGAN DOMISILI untuk Maya Wibowo,,
surat-82,penduduk-893,SURAT PENGANTAR KTP,SK/0082/2023,2023-10-10,Surat SURAT PENGANTAR KTP untuk Nur Prasetyo,,
surat-83,penduduk-920,SURAT KETERANGAN USAHA,SK/0083/2024,2024-02-04,Surat SURAT KETERANGAN USAHA untuk Putri Indrawati,,
surat-84,penduduk-931,SURAT KETERANGAN KELAKUAN BAIK,SK/0084/2023,2023-12-14,Surat SURAT KETERANGAN KELAKUAN BAIK untuk Budi Setiawan,,
surat-85,penduduk-949,SURAT PENGANTAR KTP,SK/0085/2023,2023-02-26,Surat SURAT PENGANTAR KTP untuk Nur Wibowo,,
surat-86,penduduk-969,SURAT KETERANGAN TIDAK MAMPU,SK/0086/2024,2024-11-21,Surat SURAT KETERANGAN TIDAK MAMPU untuk Putri Sari,,
surat-87,penduduk-977,SURAT KETERANGAN KELAKUAN BAIK,SK/0087/2023,2023-05-11,Surat SURAT KETERANGAN KELAKUAN BAIK untuk Putri Rahayu,,
surat-88,penduduk-986,SURAT KETERANGAN TIDAK MAMPU,SK/0088/2023,2023-10-17,Surat SURAT KETERANGAN TIDAK MAMPU untuk Tono Sari,,
surat-89,penduduk-1012,SURAT KETERANGAN KELAKUAN BAIK,SK/0089/2024,2024-10-02,Surat SURAT KETERANGAN KELAKUAN BAIK untuk Siti Indrawati,,